{
  "fabric:load_conditions": [
    {
        "condition": "fabric:item_tags_populated",
        "values": [
            "createplus:ores/platinum/end_stone"
        ]
    }
],
  "type": "create:crushing",
  "ingredients": [
    {
      "tag": "createplus:ores/platinum/end_stone"
    }
  ],
  "results": [
    {
      "item": "create:crushed_platinum_ore"
    },
    {
      "item": "create:crushed_platinum_ore",
      "chance": 0.75
    },
    {
      "item": "create:experience_nugget",
      "chance": 0.75
    },
    {
      "item": "minecraft:end_stone",
      "chance": 0.125
    }
  ],
  "processingTime": 350
}
