{
  "fabric:load_conditions": [
		{
      "condition": "fabric:all_mods_loaded",
      "values": [
        "gobber2"
      ]
		}
  ],
  "type": "create:mixing",
  "ingredients": [
    {
      "item": "minecraft:bowl"
    },
    {
      "item": "gobber2:gobber2_gooey_beef_nether"
    },
    {
      "item": "gobber2:gobber2_goo_nether"
    },
    {
      "item": "minecraft:carrot"
    },
    {
      "item": "minecraft:potato"
    }
  ],
  "results": [
    {
      "item": "gobber2:gobber2_gooey_beefstew_nether"
    }
  ]
}